"gamma","epsilon","c","test_r2"
"16.391207","0.17571951","40.452183","0.5548645916432509"
"19.156801","0.04660747","35.530144","0.5516331267491021"
"20.31778","0.32646403","58.476078","0.5512072509309834"
"10.907686","0.012848401","65.43832","0.5506121387065666"
"15.920484","0.051699955","35.105198","0.5503790003136664"
"10.677785","0.1522286","56.833393","0.547963211291437"
"25.749844","0.26825008","40.578754","0.5460638179488204"
"8.532131","0.80061805","61.721012","0.5459636077402674"
"7.232814","0.7640564","84.60531","0.5452226768756483"
"10.954806","0.29535356","42.949627","0.544651669723738"
"6.739873","0.034763966","87.52519","0.5443955135002163"
"17.70845","0.36603123","84.46424","0.5443584458999273"
"15.277844","0.12130012","32.282833","0.5441998313758838"
"16.495104","0.6912418","93.807686","0.5426488348476544"
"7.004174","0.6374056","71.72419","0.5423974160574714"
"16.861664","0.32604864","93.99415","0.5414739663002575"
"17.576897","0.91091186","29.325745","0.5413874119457474"
"8.037552","0.012962358","49.707752","0.5413424064191656"
"7.183521","0.013131481","58.205864","0.5403045432325236"
"13.13368","0.01262561","32.919235","0.539869616287397"
"28.03118","0.9729255","59.59767","0.537458924266693"
"28.013403","0.028096493","43.6091","0.5372711983816116"
"6.196576","0.58474445","58.727608","0.5372461124652479"
"5.3865094","0.9898628","76.23619","0.5369683638624256"
"5.3085136","0.091890335","71.41047","0.5358081997080795"
"9.256923","0.2768313","36.096466","0.5351972324526707"
"16.985266","0.45599318","25.748878","0.5350652113452719"
"4.465747","0.012054622","99.25058","0.5349858336737441"
"16.625704","0.29382998","26.12855","0.5347695697797139"
"29.810438","0.047381833","45.433567","0.5335060697974162"
"7.2350287","0.043950193","42.688026","0.5333072639655633"
"21.166985","0.95807993","23.905508","0.5324852434654253"
"6.9568453","0.012790223","40.977634","0.5317597069114549"
"7.078451","0.7651433","37.328556","0.5307894970228975"
"9.600354","0.96613795","27.61136","0.5304300054305928"
"5.590698","0.06674851","50.80835","0.5301770090589878"
"5.57861","0.2203003","51.237633","0.5299599668038195"
"35.59495","0.06757978","47.271404","0.5293787274957086"
"27.838697","0.71298957","77.68273","0.5277162047099766"
"8.359579","0.87714607","26.984129","0.5267977477514068"
"10.069479","0.16635084","23.921412","0.5265647577558148"
"28.73531","0.07484027","21.41403","0.5257090630551373"
"10.433203","0.025788257","21.952715","0.5254337450558467"
"7.688809","0.2093469","29.85723","0.5250619266243264"
"26.84731","0.15699749","21.016499","0.5241694242696519"
"5.4414496","0.07659196","39.57572","0.5241376842011227"
"3.704587","0.2917583","78.35869","0.523411587078854"
"40.920475","0.0125879655","56.336433","0.5213785330900411"
"2.5405037","0.030664321","84.16569","0.5208816434776717"
"2.453721","0.024148056","70.19938","0.5202132346500725"
"38.00111","0.31985953","28.157856","0.5201658869532645"
"20.260147","0.8626243","16.684404","0.520008057745213"
"21.52311","0.7877245","17.008863","0.5193910858961093"
"36.61135","0.1498512","25.223043","0.5192606582718418"
"31.371006","0.2713594","85.4398","0.517813426419957"
"34.372406","0.8364782","78.48275","0.5173060842685845"
"2.109104","0.03867697","69.820076","0.516631456931995"
"5.6870723","0.046242647","29.391022","0.5151067121619317"
"40.851845","0.26344472","23.650635","0.5147898852308359"
"4.61741","0.07952264","34.431656","0.514033161848179"
"11.310321","0.016819889","16.301842","0.5131439578245695"
"36.509865","0.012452098","17.178452","0.5126044662885008"
"51.945625","0.05116273","47.705532","0.5118592418530512"
"30.78467","0.6054452","98.174065","0.5103184426124437"
"27.995659","0.53653383","14.116029","0.5077964761467951"
"50.79163","0.021593915","61.817387","0.5072162966911857"
"40.803177","0.18468316","77.80487","0.5057547374731368"
"42.354076","0.029778516","16.496689","0.5044042630421784"
"4.4173417","0.030528203","28.4312","0.5036311176054935"
"54.84505","0.02402815","63.626717","0.5031861367670208"
"52.7436","0.06342382","31.27778","0.5019568472160965"
"9.688899","0.031568684","15.291639","0.5012383025214726"
"1.8102777","0.82066965","60.049942","0.4988231821245266"
"1.0856253","0.08440353","96.17914","0.4978630430304948"
"26.135014","0.096583806","10.256226","0.4933817595396912"
"19.60258","0.48044968","10.51709","0.4927741717622819"
"3.1737463","0.059784524","33.855495","0.4893094454922202"
"29.051167","0.044944175","9.7409525","0.4870062030868333"
"6.1296163","0.47421166","18.68243","0.48667532148308545"
"67.53605","0.5063464","31.452377","0.48659736807815146"
"2.2319248","0.03164525","45.409702","0.4861598589815349"
"4.9465938","0.105061315","22.484306","0.4861270433808862"
"3.4821968","0.08433596","30.459286","0.48571816553161595"
"9.209581","0.049116768","13.902117","0.48565007659926107"
"36.70361","0.5330664","10.851549","0.48446718029551117"
"2.6853733","0.1468938","36.29276","0.482002693210961"
"4.253072","0.046886127","23.298538","0.47900789928981646"
"76.48023","0.19160286","94.94012","0.4786481969175119"
"16.15162","0.10167472","10.014165","0.4784430971348337"
"1.0243647","0.017128918","86.75423","0.4779470361613327"
"2.8690794","0.020672318","31.97588","0.47753560888167257"
"1.7682244","0.10589745","49.72462","0.47687504237537903"
"4.6247225","0.067973405","20.657642","0.4760613868419685"
"3.6870053","0.9063162","23.936462","0.4733283959891317"
"9.318867","0.13074292","11.605125","0.4707670484798707"
"2.1130776","0.0743615","38.8912","0.47058908009476597"
"1.738966","0.2775129","46.159466","0.47010681512965313"
"93.64293","0.36461565","70.0839","0.4695195007010048"
"16.897903","0.19507629","8.725154","0.4682386907404942"
"2.6428545","0.91574275","29.214516","0.46537767762577076"
"3.8896232","0.013301023","21.35865","0.4640133878904229"
"62.676815","0.010209972","15.951736","0.4628828455273627"
"14.656568","0.8340911","8.609441","0.4625638096354553"
"0.98813367","0.56269354","66.26988","0.46170322828635757"
"1.5687611","0.2071165","40.41229","0.45862581679820646"
"2.8664627","0.4092546","24.105652","0.45850385623275003"
"21.884035","0.8300946","7.4761763","0.4566480357659315"
"6.5031114","0.052359153","11.647691","0.4547229029454545"
"2.6518006","0.38112766","24.045485","0.45350691615694927"
"3.376172","0.056748915","19.117746","0.453118881685439"
"0.5401845","0.11694749","99.6393","0.4516885737027928"
"93.87438","0.027431171","35.847748","0.44901995213900325"
"1.2283759","0.0838182","44.994568","0.4480480739424406"
"10.676651","0.06530338","8.254922","0.44788432018075797"
"29.851332","0.69243014","6.8989487","0.44735166863878195"
"5.506314","0.021891303","11.905062","0.4439647092633884"
"18.599627","0.63550043","6.6194468","0.4439170548099396"
"2.6456969","0.5517786","21.635075","0.4439111782907956"
"5.4022074","0.021205721","11.644613","0.43920017147548907"
"1.0720142","0.4212737","47.524876","0.43790062386323303"
"35.134415","0.029853964","6.768587","0.4377950354040169"
"6.543795","0.08846397","10.066238","0.4376515177470459"
"9.760626","0.10170513","7.6363974","0.43738202271759674"
"89.803825","0.013474349","22.833725","0.432004656552186"
"17.51553","0.017509744","5.579007","0.4316544387557547"
"72.43722","0.43398538","14.444183","0.42881111509791336"
"8.544722","0.016385004","7.2047577","0.4217959636798775"
"10.5684185","0.05467522","6.462609","0.42178357400237787"
"7.971154","0.015730148","7.4332123","0.4180213947737381"
"81.73313","0.011489174","16.187435","0.4176566773423558"
"0.5417234","0.015671657","77.992836","0.4083089330784966"
"34.155514","0.13126607","5.2277994","0.40731359028928604"
"0.42711034","0.322351","93.39078","0.4043275807636937"
"1.0102402","0.022297684","40.203407","0.4017426405434772"
"9.1582575","0.64490324","6.1965437","0.40023655310826556"
"69.93929","0.096390344","10.777503","0.39845268854342775"
"3.181564","0.1614149","13.529842","0.3950552041079429"
"4.965258","0.029398883","9.3811245","0.3938865882824478"
"32.981922","0.09695342","4.8060155","0.39377833157213205"
"89.66358","0.19916248","15.327253","0.3859486548359836"
"1.1079168","0.010629737","31.741745","0.385586876986057"
"0.49613345","0.15072933","69.00485","0.3854287070882093"
"0.35335138","0.016733477","95.44255","0.3841502866701966"
"3.3296447","0.09876327","11.704401","0.38324049525778936"
"12.610952","0.12470878","4.754289","0.382444163777392"
"1.2057333","0.61090124","28.19732","0.37997916163211665"
"1.1570891","0.032777764","28.739822","0.37791984585531113"
"2.250214","0.72674614","15.814653","0.3777633110060443"
"2.66107","0.023724232","13.507429","0.3777183882208547"
"71.81027","0.02418199","9.686375","0.37770153302087695"
"0.4815813","0.051351253","66.172806","0.37709424986528317"
"38.862663","0.22302774","4.560448","0.3767981363994548"
"16.464785","0.029249124","4.0475483","0.3748827206633225"
"41.11777","0.18327937","4.5700707","0.3722833665949983"
"45.7176","0.0188961","4.9144306","0.36969663988399004"
"10.852057","0.06785519","4.589484","0.36954998282189055"
"87.75335","0.06955472","13.004332","0.36831083369550377"
"1.7210909","0.3581623","18.035543","0.3646296636897888"
"77.04953","0.33811635","9.596618","0.3621110216335959"
"28.710392","0.09687493","3.7527504","0.36157734451425316"
"0.40841138","0.030471573","71.69933","0.3593515779370391"
"53.992985","0.12860611","5.4406767","0.3556248321932388"
"23.54441","0.1827776","3.5698643","0.35389274104329416"
"49.79484","0.19922948","4.870033","0.3513702010936893"
"2.4057093","0.43921906","12.434247","0.35087457590716886"
"4.283333","0.058445804","7.342482","0.3471948432868506"
"14.642934","0.11602678","3.7014863","0.3442104546742255"
"30.189087","0.083949566","3.5479748","0.3431916790357906"
"0.7510323","0.05204706","34.36519","0.33764164502705896"
"66.80193","0.14347976","6.6302295","0.335751490150727"
"1.264627","0.21713385","20.0277","0.3337099834807209"
"4.2811975","0.06451948","7.062371","0.33353838553328097"
"1.3025638","0.03618603","18.93926","0.3234550454689412"
"51.973804","0.040644117","4.3687","0.3151453985646122"
"7.336135","0.57665515","4.5489583","0.31497742235370074"
"0.4652926","0.89636433","48.5214","0.31295849891199423"
"22.256424","0.010069935","3.097569","0.3104926853981783"
"10.387318","0.451343","3.6822932","0.30955900580295903"
"25.43342","0.43305922","3.1197538","0.3072753991458723"
"0.31835115","0.0689097","68.98713","0.30578027091002125"
"3.3537498","0.065545","7.718041","0.3005950836938919"
"14.378327","0.033876054","3.0690758","0.29594110947240393"
"0.42146915","0.058941107","50.49473","0.2927144845314382"
"0.82863635","0.024642775","26.283743","0.2922238797167772"
"4.6837893","0.022669654","5.717192","0.2909358713780896"
"1.6598679","0.10994393","13.278282","0.2842689208728033"
"1.8376062","0.024447516","11.56879","0.2701038670681154"
"1.754327","0.13936655","11.953404","0.26693118774446245"
"27.195839","0.4818768","2.7456055","0.26549482586075046"
"2.4483862","0.06293857","8.86011","0.2632895109680611"
"33.43868","0.016744964","2.8480253","0.24854209257951854"
"1.4124554","0.031076496","14.032216","0.24674744255131809"
"0.27164313","0.04752205","66.988525","0.24563191635534176"
"0.4909095","0.011836727","37.33248","0.24415268833749293"
"0.6048882","0.037934978","30.368296","0.24385662996387247"
"0.62686294","0.025088018","29.30639","0.24350321904997485"
"2.3026545","0.031391937","8.9319315","0.24284933296243805"
"76.32566","0.12737527","5.5115886","0.24134482987357564"
"1.8797839","0.107553765","10.375598","0.23932556562279161"
"1.3820623","0.5138093","13.554374","0.23551658367316652"
"12.129333","0.27850822","2.8294532","0.23541685951385782"
"95.0813","0.108970486","7.6381536","0.23382572835145898"
"3.6848748","0.024203144","5.7301354","0.230246262122632"
"0.738837","0.10050316","23.028791","0.2296595742183669"
"1.0672519","0.02710365","15.234403","0.22182102960208738"
"0.5689265","0.91275865","28.365978","0.22115212411944052"
"2.6213267","0.016107097","6.9950213","0.2202411889985958"
"69.08368","0.05709736","4.5644097","0.22007418183910787"
"0.19244605","0.81268036","78.397064","0.21645621790447755"
"5.4006524","0.010680642","3.9354196","0.2162800496584214"
"1.1913481","0.15195909","13.224056","0.2158856757699057"
"1.0812919","0.018948194","14.328643","0.21508146823289964"
"0.48274222","0.079889834","31.109383","0.21481208102764449"
"8.112568","0.03475538","2.8701553","0.21012231901647116"
"8.682657","0.022189563","2.760399","0.20966710835974411"
"67.59342","0.02550532","4.2223063","0.20955097774532416"
"27.88172","0.022583423","2.2727098","0.20600901200988864"
"1.2373267","0.72618264","12.473422","0.2047411004993115"
"32.546047","0.38143224","2.3675358","0.2040587915459915"
"67.75501","0.091641866","4.0727873","0.20249674133014484"
"30.369648","0.11430797","2.2944648","0.20227783730974813"
"0.90923923","0.652425","16.341383","0.19859558987371384"
"3.2293043","0.12237635","5.1686687","0.19304710004701664"
"76.77268","0.1695008","4.4886937","0.1879207708656705"
"10.060202","0.030891769","2.3678396","0.18497292734163528"
"0.14925644","0.30275303","88.65696","0.17783593402819842"
"1.7521814","0.012680747","8.357493","0.17583703263424155"
"4.336936","0.026131246","3.9086692","0.1749968845166916"
"0.18369402","0.2271674","69.93504","0.17198944709317943"
"18.446154","0.021103673","1.8872921","0.1687054042140943"
"1.7031218","0.08141973","7.924795","0.16343026923942316"
"12.934191","0.10590942","1.9890904","0.16163424527554215"
"0.9839108","0.44393563","12.923296","0.16139532596746342"
"1.3384374","0.2023534","9.701688","0.16079200988521258"
"96.772675","0.030556263","5.697517","0.16054638555332168"
"1.3860729","0.13804479","9.078884","0.1566797706000952"
"1.8417976","0.48709616","6.8455086","0.15298159640930786"
"6.505869","0.033351228","2.6067002","0.15204519126158333"
"0.14781974","0.017327677","76.2779","0.15129016288740815"
"0.29944363","0.5277535","37.032486","0.146178275475511"
"28.776726","0.6900011","1.765518","0.1430611497213471"
"2.6182766","0.030415801","4.759381","0.13939828453613035"
"0.13648562","0.23036207","78.86222","0.13862256152174346"
"44.783234","0.66896087","2.1339157","0.13853450797036926"
"57.72086","0.36125523","2.5607147","0.1359037220507875"
"0.14642972","0.52765805","72.79355","0.13548488246430823"
"0.21936217","0.63564473","48.153015","0.13415145919293636"
"95.95477","0.023190062","4.7176905","0.12723644201184214"
"0.12728082","0.016214771","80.42802","0.1254083267819317"
"17.51486","0.24994941","1.5570633","0.12403685659216457"
"13.758415","0.34998348","1.5981944","0.12253997736451439"
"1.7364635","0.037985474","6.3032146","0.12015058524201983"
"18.648012","0.4971773","1.5301647","0.1199510626352206"
"1.681361","0.19001926","6.325108","0.11722600745789546"
"0.5148082","0.023927793","19.111448","0.11423959804677675"
"0.84209645","0.22938818","11.333334","0.1075407951768107"
"0.1289528","0.21574737","70.84985","0.10739620473104006"
"4.0734553","0.014751717","2.8771212","0.1072448398230702"
"0.2903326","0.019731179","31.967293","0.1063704779382707"
"0.86183417","0.032625344","10.689954","0.09912693118805749"
"7.2376432","0.016572306","1.8573054","0.09757713471576424"
"1.0002295","0.17550132","9.1780815","0.0957338906401769"
"1.3915025","0.020747185","6.7045326","0.09507159431183798"
"0.09133001","0.24845135","93.43645","0.09169124217796176"
"8.7480135","0.06801553","1.6031976","0.08971663029012367"
"0.1352302","0.56358594","62.331486","0.08583621465936764"
"1.108414","0.07968334","7.831499","0.08537708270662858"
"1.3442787","0.08459925","6.528926","0.0847269787214302"
"3.5774739","0.5187376","2.87615","0.08369448322413775"
"3.3937523","0.04292349","2.8741033","0.081895381426628"
"15.252911","0.9664827","1.2718507","0.08018602186458701"
"35.560947","0.030654408","1.3681731","0.07836040106650455"
"5.7721086","0.16091377","1.915587","0.07796723672926364"
"0.19057617","0.019331643","40.80028","0.0774882001583116"
"4.343961","0.1286918","2.3262846","0.07745759420793641"
"0.15067334","0.010003742","51.132423","0.07651364449365694"
"0.2451792","0.29788056","31.914295","0.0750027442157406"
"0.08924369","0.02685377","84.88566","0.07426475447815617"
"0.17483939","0.027093181","42.565258","0.07049475253613269"
"0.17846604","0.013267596","41.08938","0.06716714863946771"
"6.303516","0.047183238","1.6765621","0.06707550964794107"
"1.3476765","0.39273572","5.9237223","0.06619659906003039"
"0.7116408","0.9494456","11.132105","0.0652988958490126"
"0.96875495","0.39801458","7.8743052","0.061377604423726195"
"82.02932","0.04426553","2.6685348","0.05809414401935176"
"2.2336495","0.7668647","3.6789525","0.05793426820226"
"19.567463","0.020564994","1.011214","0.054116201649768936"
"0.48737183","0.4631268","14.908054","0.05244074507417229"
"37.23003","0.34080392","1.1257954","0.045844439863235165"
"1.3312552","0.01670252","5.569269","0.044710334112523786"
"42.849556","0.1741786","1.2006747","0.04395837454962359"
"1.1627734","0.91554546","6.2362933","0.04394641076003181"
"0.116927505","0.04441635","58.17164","0.041348784731465194"
"1.3724337","0.031705786","5.307357","0.040540630853953874"
"0.42872915","0.032595932","16.065376","0.040076735448873246"
"1.2933437","0.088862285","5.4181395","0.03309723594765701"
"0.26814693","0.08414332","24.644186","0.03297602107770958"
"14.706976","0.41345468","0.9490595","0.031911350984615505"
"1.2931015","0.1694458","5.3920865","0.031102891314493508"
"3.786534","0.0224232","2.0874584","0.030112255260480114"
"0.18867216","0.63796765","33.88341","0.02802420357583446"
"2.7190862","0.13648762","2.7283912","0.02772181518845651"
"0.8401212","0.2742985","7.791842","0.023697539171376847"
"0.25047693","0.3091411","24.757065","0.02180387896113023"
"0.2320528","0.01617497","26.674616","0.018463060454344205"
"0.36734256","0.019556373","16.80118","0.017632702949542223"
"0.072886005","0.73435193","79.49961","0.01702698051227436"
"0.78764635","0.030236678","7.516172","0.014404894426090942"
"1.8947875","0.028555077","3.510535","0.013947824731204261"
"0.96622473","0.035600737","5.8961873","0.009556836616797848"
"13.895882","0.9456991","0.8856864","0.009519005274836512"
"32.667755","0.034065094","0.86443394","0.0064297852645243125"
"0.8428761","0.3769096","6.543729","0.006357715618198645"
"0.36570358","0.015326921","14.594963","0.0024427745602314532"
"0.26647192","0.7832144","19.739767","0.0012724656679286017"
"57.472454","0.021453943","1.1950071","6.212105716091321E-4"
"0.12425001","0.014884914","41.663876","1.9666539391516302E-4"
"10.94586","0.11444865","0.91749203","-0.004668770412631806"
"1.0577577","0.69286066","5.104123","-0.005134031524636651"
"2.2627394","0.016838292","2.5206218","-0.007424808895226898"
"58.191704","0.042475194","1.1687423","-0.008433978986121637"
"17.512815","0.07214144","0.8006537","-0.009559130474022348"
"95.39555","0.091685556","2.2669766","-0.011325161478364931"
"12.598387","0.06921895","0.81245404","-0.012832965835102295"
"0.18518881","0.01814066","26.66606","-0.012859067313755856"
"3.1385844","0.043735083","1.884268","-0.013396032628602228"
"0.19653143","0.14683682","24.876017","-0.01721945945823955"
"0.7893452","0.82579035","6.256569","-0.020609746016945207"
"31.569492","0.15698522","0.7844845","-0.021126766443924083"
"0.7817376","0.07620873","6.3509793","-0.02604135121812501"
"17.311283","0.38532028","0.70069444","-0.026824017157175195"
"94.67694","0.08656982","1.9768455","-0.03154292573143613"
"0.7229202","0.35342988","6.6636376","-0.03281801425929598"
"4.6395016","0.013413846","1.308976","-0.0365091625892795"
"0.16419229","0.08883185","27.159996","-0.039259479989744994"
"0.31062126","0.10607433","13.796214","-0.04129526189392596"
"1.4833018","0.09045655","3.2482374","-0.0416139795843502"
"0.8609363","0.4270804","5.2292147","-0.041620145360120375"
"34.76024","0.30245098","0.72137976","-0.04209306677605751"
"0.2255907","0.52235025","18.362228","-0.0422381833647667"
"0.11208839","0.014637187","36.245968","-0.04253538636752441"
"1.728599","0.35272878","2.7596588","-0.042855351768644745"
"0.95581084","0.12085242","4.5889335","-0.04291770642663262"
"1.7981125","0.3492742","2.6329396","-0.043366568825829566"
"74.75972","0.010561473","1.3425276","-0.04337964702502273"
"2.3989162","0.040625114","2.0752208","-0.04386839854638658"
"0.18533763","0.019353634","21.296755","-0.04392960935321377"
"0.04007522","0.3932314","96.902664","-0.0439997417255622"
"0.7999549","0.010876639","5.2233953","-0.04411146356102602"
"2.373741","0.5276603","1.9892199","-0.04552788192031154"
"1.4000405","0.021689085","2.9167125","-0.04718358575743964"
"34.834732","0.71114683","0.7113428","-0.04911565169281373"
"3.9507039","0.646216","1.2544695","-0.049326057692171466"
"5.6998005","0.01998825","1.0012977","-0.05066732145394415"
"0.13351665","0.31098938","27.0646","-0.051172247655030034"
"1.9221807","0.07544252","2.0471516","-0.05179108195386917"
"5.4070563","0.0740907","0.92159766","-0.053763927409013146"
"0.34526876","0.23273598","10.304569","-0.053781228556484706"
"6.757014","0.03678461","0.8251964","-0.05445850987545309"
"8.502758","0.47912955","0.6934968","-0.05779111144549054"
"80.75207","0.0893139","1.3900204","-0.05836581091386894"
"6.6905985","0.019175665","0.73951334","-0.05850436942582826"
"3.3440208","0.10220043","1.2178617","-0.060049721971105585"
"0.1395805","0.42706323","24.238262","-0.061436219039844975"
"0.101142645","0.014801586","33.263416","-0.062149799606012746"
"2.759899","0.34150356","1.4143361","-0.06222566072447733"
"1.7916448","0.8599274","2.1269543","-0.06377358308407288"
"47.24758","0.014129055","0.7455157","-0.06800274544348284"
"19.270885","0.10171525","0.59541607","-0.06910343749454895"
"3.8464472","0.029701672","1.0386006","-0.06975414606685293"
"0.04236034","0.3095244","75.91409","-0.07078679586053638"
"10.595415","0.682158","0.5645698","-0.07080895147302146"
"17.808514","0.014552622","0.46180573","-0.07096960040597122"
"4.9174356","0.7260694","0.8696423","-0.07117461382668488"
"22.914915","0.317981","0.5325184","-0.07443990214524576"
"90.20224","0.018987637","1.4652956","-0.07696090381109477"
"95.29179","0.43293634","1.5489067","-0.08005745851933588"
"3.7020888","0.041631248","1.0129004","-0.08083517287125219"
"0.20664139","0.2521169","14.607894","-0.08513407728170264"
"0.0500931","0.21143089","59.681175","-0.08527370079092256"
"5.240471","0.9576881","0.7571446","-0.0869744210204253"
"7.9366593","0.013372976","0.5677297","-0.08884884802119108"
"2.7123148","0.021723008","1.2341647","-0.09214407485383602"
"0.067551464","0.676719","42.361744","-0.09371020006294728"
"0.047448386","0.74236256","58.86566","-0.09794435037327553"
"46.016304","0.017915348","0.53812915","-0.09921825415387397"
"2.880152","0.017348332","1.1248676","-0.09983628315177828"
"6.5828066","0.93295693","0.5829293","-0.10992867992693878"
"26.145756","0.22232096","0.37921855","-0.10999425167154353"
"65.58372","0.15363774","0.7028594","-0.1106210642836234"
"5.9657288","0.013185331","0.5978231","-0.11225459703969909"
"7.567153","0.017361214","0.5118729","-0.11254792676068393"
"0.08724288","0.06281005","29.42518","-0.11314149017482533"
"0.24713203","0.13960047","10.402326","-0.1144417435237568"
"69.92096","0.40530023","0.72849274","-0.11483392451331054"
"0.10417387","0.037054393","23.905678","-0.11837721267943913"
"5.269714","0.297421","0.622653","-0.11997258114230225"
"24.03186","0.1642837","0.3523923","-0.12145181748853995"
"80.72685","0.023936283","0.8562024","-0.12157067021112167"
"80.76091","0.011194904","0.8494997","-0.12227411782800934"
"2.739705","0.08315097","1.0266818","-0.12264414251669131"
"3.0342677","0.19798477","0.9370618","-0.12352282783999824"
"6.754273","0.13732956","0.51420254","-0.12354394279456349"
"0.73875266","0.020988584","3.3584802","-0.12483066659862074"
"87.56883","0.1342135","0.93487704","-0.12499089615007275"
"3.721218","0.038576294","0.7842128","-0.12538289943617076"
"90.84673","0.057098188","1.021413","-0.1254237540498504"
"0.71688217","0.31981745","3.430402","-0.12604317923355213"
"82.369965","0.16916719","0.7686088","-0.12614240278827404"
"89.79303","0.014207702","0.86032933","-0.12874553479420792"
"0.03684767","0.5676794","62.83394","-0.1294419314928661"
"0.60978276","0.14575988","3.9221714","-0.129463039736186"
"0.45740184","0.27095133","5.1652675","-0.13001951543465906"
"0.24125642","0.08043056","9.669743","-0.13007565913333075"
"25.948324","0.050505117","0.31890637","-0.1307838692161929"
"4.5209346","0.7483343","0.6581605","-0.13138995080438254"
"0.035438184","0.022537744","64.06828","-0.13244609849599698"
"0.14084604","0.018463654","16.198008","-0.13262955827480494"
"41.87698","0.035101913","0.35635966","-0.13474116239701162"
"95.545975","0.5356696","0.9751337","-0.13476187266650985"
"43.76584","0.02146623","0.36345157","-0.13583816321436282"
"7.3090816","0.13898847","0.4516662","-0.13595689166730818"
"0.0462029","0.15336367","47.902798","-0.1364030344469509"
"0.8999474","0.9628676","2.5310545","-0.13648352149255638"
"0.28250855","0.033109102","7.9087086","-0.1370034316680777"
"0.11566245","0.052842334","19.047733","-0.13767924792410047"
"0.47611496","0.792442","4.5099654","-0.1395096766624604"
"0.028944856","0.046242956","74.69686","-0.13972416596607018"
"0.045137998","0.14618297","47.612076","-0.14074106532689257"
"1.6593165","0.425428","1.3829287","-0.140850646161937"
"5.0192156","0.05780525","0.5629714","-0.14101122424763957"
"1.6469734","0.02384464","1.4208734","-0.14153126818440276"
"20.995106","0.9149652","0.29339147","-0.14233822251970074"
"0.6875123","0.076971926","3.198983","-0.14269217772713327"
"0.9519898","0.07986883","2.3424745","-0.14285240608911676"
"4.6638384","0.55387366","0.5583138","-0.14489039097856637"
"0.98199666","0.083735846","2.1849775","-0.14660152581767716"
"0.09705257","0.011623957","21.07903","-0.14790581533708225"
"0.37035584","0.06469794","5.3377934","-0.14883351356350927"
"0.2765647","0.056240957","7.2444935","-0.14895230129180548"
"0.43472108","0.15269704","4.5189486","-0.1494678871450601"
"4.0737963","0.0270202","0.5770638","-0.15097145805145518"
"0.20277771","0.3443886","9.466706","-0.1511557830882322"
"0.020192914","0.03410937","90.14019","-0.15138440843605383"
"0.02613171","0.03720832","69.63509","-0.15145728453460383"
"0.09864683","0.010766681","18.25699","-0.15349480198551224"
"7.344667","0.3704184","0.36919615","-0.1547092208923866"
"42.98808","0.47733027","0.31407714","-0.15495066483311093"
"17.587797","0.14090033","0.26339424","-0.15586665214711592"
"0.72717214","0.016274381","2.5309968","-0.15675271006028724"
"0.06342629","0.44144127","27.673988","-0.15750854338161369"
"0.099291116","0.7768844","17.768555","-0.15768419430561775"
"12.280393","0.2840706","0.28266343","-0.15904223099747017"
"0.05857371","0.36051774","28.596529","-0.1629074925053764"
"1.7912538","0.12579162","1.0382228","-0.16609411250719885"
"8.371203","0.031341195","0.3204781","-0.16762946003282653"
"43.95231","0.14719522","0.28597733","-0.16868147327194682"
"57.22638","0.02403529","0.34986103","-0.16954382461394135"
"40.667023","0.20837522","0.26743832","-0.17115955240308578"
"0.109157905","0.044821806","14.647982","-0.1732314396795216"
"0.85012937","0.31302086","1.8983473","-0.17520212905097465"
"7.3721566","0.016333867","0.322229","-0.17589306239583014"
"35.538185","0.0111301625","0.23921442","-0.1765512028193632"
"0.02337319","0.03847791","65.58478","-0.178884008855962"
"8.18271","0.025378348","0.2926153","-0.17979208153688986"
"57.08198","0.03838414","0.31694746","-0.18070049568117574"
"0.24772452","0.20605685","6.0525937","-0.18101347930447886"
"0.04064898","0.559405","34.671997","-0.18222170991755648"
"42.01858","0.13653287","0.24637777","-0.18266141868796093"
"69.11396","0.024126776","0.38105196","-0.18276413377196632"
"6.84109","0.077208355","0.31706536","-0.18294350458308117"
"3.9532623","0.039119203","0.463948","-0.18431901519515193"
"5.0844755","0.12413264","0.37887892","-0.1856315529300565"
"0.3299235","0.027470687","4.4042754","-0.18754451905324587"
"34.538586","0.022458728","0.2135546","-0.18771562090561145"
"0.5623619","0.1331819","2.5912588","-0.18773243483463298"
"50.20656","0.48020765","0.2651948","-0.18791012256512563"
"9.421229","0.211612","0.25121874","-0.18793688058888147"
"0.13777441","0.057782233","10.320115","-0.18855241992021576"
"30.086027","0.5232613","0.20110843","-0.18935663154295868"
"2.0524251","0.5503391","0.71225613","-0.1924361182575527"
"3.900967","0.18758841","0.43346974","-0.19245737707269273"
"34.614532","0.012482765","0.20010403","-0.19439918343367202"
"0.042039398","0.8807489","28.825665","-0.19511911973532547"
"1.7918767","0.036807343","0.8145548","-0.19545200292184517"
"0.053763486","0.031588927","24.146448","-0.19724188503620477"
"43.022125","0.088035405","0.21655893","-0.19730962699323262"
"26.023945","0.01130737","0.17894298","-0.19819083766461354"
"17.446548","0.22915737","0.18091843","-0.19842854070347538"
"1.9216537","0.4493975","0.7128755","-0.20007501780443637"
"0.55597544","0.8607258","2.1433296","-0.20040394959476915"
"1.8573993","0.14008394","0.7485077","-0.20042726630258012"
"2.4826634","0.99993926","0.52433044","-0.2013758788641622"
"0.012605556","0.34772775","96.023254","-0.2022225279866181"
"4.518097","0.164195","0.345118","-0.20335924387630833"
"2.155193","0.02764388","0.63425136","-0.2034987936478161"
"1.7400391","0.019010626","0.76371646","-0.20394448183627234"
"0.27874166","0.024240198","4.2838407","-0.20608134823431756"
"0.24400823","0.059087228","4.877423","-0.2061976285625553"
"0.088874","0.052231174","13.042173","-0.20771810724885253"
"0.021221055","0.019010201","53.689075","-0.20885799896638768"
"4.32401","0.010041644","0.32984486","-0.21019547773940128"
"96.856445","0.044681475","0.45181522","-0.2115574835712346"
"2.7295856","0.8450872","0.41214475","-0.2122885148848166"
"0.052351028","0.26611626","20.921463","-0.21229859161791653"
"0.036942795","0.31382418","28.943277","-0.21365886660242772"
"34.810425","0.019386057","0.16154969","-0.2136913472979416"
"3.272127","0.11994394","0.39283442","-0.21400062572599943"
"7.4942694","0.079150476","0.21455628","-0.21423421508279206"
"0.37129477","0.2225907","2.921963","-0.2145417229854314"
"33.137573","0.22597936","0.15662053","-0.2147105594774008"
"0.17502655","0.13305828","5.9545603","-0.2168174177393396"
"0.014219849","0.0336786","70.981804","-0.2185689081330413"
"0.09615661","0.54911345","9.487122","-0.2188099001293209"
"0.014187747","0.04883787","70.64246","-0.21910234759958858"
"4.2201858","0.031524643","0.2992045","-0.2194225211398606"
"23.250458","0.04796068","0.13601819","-0.22053611891776947"
"58.730846","0.7608842","0.17573492","-0.22056777642190273"
"0.6050414","0.05727239","1.6724629","-0.22091114448911342"
"0.9284886","0.01833692","1.1069261","-0.2211211434645557"
"4.3744826","0.3879725","0.267704","-0.22126185590554082"
"0.037131146","0.3529966","23.64411","-0.22280966436115213"
"0.022523275","0.75535405","30.879007","-0.22284767111180992"
"0.46866342","0.81194276","1.4168994","-0.22318006673588364"
"15.601705","0.9597011","0.0966802","-0.22321126493334065"
"0.015858162","0.023304805","59.2302","-0.22386231125887246"
"0.62187564","0.7052355","1.098578","-0.2243917503369599"
"0.15913248","0.091365315","5.8278084","-0.22450815580440597"
"0.023117345","0.24208917","37.25013","-0.22519027141557113"
"0.11252882","0.08036639","8.035245","-0.22570153101243529"
"0.32635581","0.04533987","2.835877","-0.2257365443276782"
"0.022894314","0.24019031","37.167324","-0.22575718388599375"
"9.275374","0.6710902","0.1212327","-0.22612774843823313"
"0.019578442","0.47504723","36.571056","-0.2262577250316582"
"17.49551","0.021901527","0.12699941","-0.22696441742477735"
"0.018672511","0.13978533","45.70076","-0.22700552558399023"
"5.3646736","0.8578588","0.12878661","-0.2270868058209019"
"0.014942703","0.8244931","33.67303","-0.22709400893516563"
"60.324924","0.031934552","0.19679925","-0.22724686661896487"
"0.064292714","0.06674388","13.46144","-0.22750301501792336"
"0.034645636","0.012727308","25.315481","-0.22755433112652623"
"0.07151969","0.47433397","9.123025","-0.22760715666310505"
"0.111846335","0.6017939","5.0743165","-0.22761337827871198"
"0.116418436","0.8074913","4.2498784","-0.22770803329438838"
"28.725119","0.7933207","0.07486139","-0.22837864685201148"
"0.13212112","0.77005595","3.6481605","-0.22841255811924688"
"0.013875475","0.013281432","60.269955","-0.22873329054879932"
"51.505386","0.5898242","0.12599531","-0.22876943527697247"
"0.020894486","0.03981537","39.88224","-0.22883339250072487"
"0.019262783","0.9477585","24.205845","-0.22888182608700558"
"10.501946","0.034856003","0.1461563","-0.22892367788888368"
"0.036984503","0.25578934","19.695574","-0.22904248570288788"
"11.267007","0.3042877","0.12943695","-0.22923518481668514"
"87.5301","0.111657016","0.2518908","-0.22949266697531523"
"4.214858","0.012620142","0.25349045","-0.22990586618593412"
"0.059172295","0.13360006","12.71078","-0.23029077121739316"
"0.624626","0.14672707","1.2161819","-0.23058127881678625"
"0.70870584","0.17001443","1.0385463","-0.23078935347513196"
"0.01189129","0.48611674","40.632694","-0.23081611453467188"
"0.61605716","0.085610494","1.2722366","-0.23096817718661966"
"0.38878292","0.9738567","1.0063233","-0.2312500303465428"
"3.6542065","0.058413845","0.26238048","-0.23153233792780825"
"0.5741362","0.46622092","0.83569306","-0.23155989601435478"
"0.029712621","0.19208045","21.157305","-0.23191360218623425"
"0.17235222","0.01249977","4.232007","-0.2321601713523218"
"0.048361268","0.048140153","14.626947","-0.2323343124944055"
"1.7531728","0.49229646","0.2545264","-0.2326043410985914"
"9.144837","0.48277864","0.08083262","-0.23273231116813586"
"1.3372543","0.37278202","0.3752259","-0.23293790903122358"
"45.379158","0.33813873","0.108827956","-0.23295092527382777"
"2.2150793","0.97918856","0.16569446","-0.23295442505877806"
"6.0910716","0.08473123","0.16425613","-0.23300687460460234"
"9.38405","0.016555713","0.13922875","-0.23302021437428277"
"18.373713","0.119890414","0.10881396","-0.23326638351682671"
"5.9780016","0.75421065","0.09098959","-0.23340794721868252"
"13.603055","0.016309239","0.120537095","-0.23345856353667038"
"0.60359114","0.0146342","1.1387839","-0.23375414520070126"
"20.783382","0.11784954","0.104944326","-0.2337819284203504"
"0.94418174","0.37557057","0.45572817","-0.23399704372696117"
"0.025092619","0.072898924","24.112667","-0.23401817124944202"
"1.0934181","0.045694485","0.61059105","-0.23417258512758887"
"25.637512","0.104763046","0.10424555","-0.23438346736583515"
"38.524902","0.03612219","0.1156017","-0.23456514953999963"
"0.18978131","0.78783077","1.8319758","-0.23471833527286234"
"10.22257","0.098313525","0.10915284","-0.23476066723543076"
"46.909737","0.10215658","0.10835693","-0.23484537459196964"
"0.039825317","0.021636887","14.42847","-0.23486691095286116"
"0.07393538","0.022351097","7.7147694","-0.23492243758575126"
"0.06432034","0.05198389","8.7361","-0.23499686739671466"
"7.1858187","0.02993734","0.13444945","-0.23510908331223535"
"67.222015","0.038163908","0.10665454","-0.2351907152820305"
"0.014456407","0.04746914","37.230972","-0.2351959642322392"
"0.01433187","0.1926242","32.38772","-0.23520099595787025"
"0.048852228","0.010064271","11.026445","-0.23520762114565374"
"0.27581853","0.07524114","1.9630032","-0.23528428608045115"
"86.981","0.12265229","0.11592247","-0.23541239339380704"
"86.73798","0.020440407","0.114865154","-0.23545096516204267"
"8.684692","0.2823114","0.082352705","-0.23548650403663096"
"24.428816","0.015579757","0.09834063","-0.23554230622412642"
"49.547626","0.03587575","0.09452212","-0.2355514869603308"
"0.02818372","0.18817627","15.959656","-0.2355645691827355"
"5.9101286","0.045119513","0.13767919","-0.2355999143930423"
"0.11053657","0.070228636","4.5158176","-0.2356097711765921"
"0.7456463","0.017021842","0.7072951","-0.23561550454489733"
"58.90767","0.06792138","0.09505768","-0.23561660878696"
"0.47659498","0.07909927","1.0772965","-0.23563017169980616"
"2.1144326","0.023599645","0.27947575","-0.2356391305190153"
"0.23919125","0.023527492","2.087111","-0.23566350549606496"
"0.10594561","0.027233744","4.644912","-0.23567536829645364"
"3.8572538","0.027748706","0.17275883","-0.23575922317628084"
"26.29605","0.07418134","0.09139488","-0.2358386682629059"
"0.014158971","0.27339894","26.568022","-0.23590782738410399"
"1.0324937","0.052844767","0.48940593","-0.23592876697594356"
"3.8523521","0.1120576","0.16478455","-0.23597371354557106"
"0.42894614","0.1280881","1.0909021","-0.23603580543321212"
"4.317972","0.04698122","0.14877959","-0.23608607513703128"
"0.26187238","0.098917775","1.7307329","-0.23611146278613804"
"0.019565107","0.05462027","21.331081","-0.2363718191629609"
"0.17290409","0.032825563","2.3718033","-0.23649909838326222"
"0.5244135","0.86310697","0.46294603","-0.23654104490714034"
"0.04341463","0.016981995","9.22186","-0.2365499921661316"
"0.4330438","0.07515228","0.94458824","-0.23660042778338664"
"0.8070458","0.10395811","0.5170929","-0.2366495087021614"
"0.6580298","0.5241192","0.5127182","-0.23670808814422428"
"0.25604218","0.013192296","1.5090091","-0.23676229844466468"
"0.09665902","0.061293002","3.939736","-0.2367643909924102"
"0.581147","0.026618894","0.6810157","-0.23677854716097246"
"0.7512559","0.016211072","0.5334084","-0.2367872481407498"
"1.271074","0.015897548","0.32927114","-0.23679195142219256"
"13.330998","0.9581432","0.032619957","-0.2368504156835629"
"4.293207","0.168247","0.123119555","-0.23685379183141908"
"4.797127","0.08099569","0.112039104","-0.23693856766331667"
"0.036426503","0.055116236","9.896551","-0.2369500681667116"
"2.682165","0.14980213","0.1640386","-0.23704383048323696"
"17.643866","0.03139039","0.066547945","-0.23712698898473739"
"0.016017718","0.08580407","21.376394","-0.23712863667394846"
"3.6667545","0.011047165","0.12637642","-0.23714389088026944"
"46.616783","0.015282473","0.062020868","-0.23726915186456154"
"0.023143161","0.025997745","13.965482","-0.23732888159268617"
"34.945942","0.043943357","0.05975043","-0.23738099756796704"
"2.2410676","0.049401544","0.16843383","-0.237438844427597"
"0.07040734","0.032163557","4.2697916","-0.23757648396691367"
"0.012394181","0.0936554","23.81845","-0.23761725947754986"
"0.11442166","0.09993423","2.5431483","-0.23768843393767236"
"3.3334491","0.2190811","0.11426695","-0.2376886566898606"
"0.06733792","0.01100974","4.176223","-0.23777828317007188"
"32.317993","0.256453","0.05244434","-0.23778153332718222"
"3.1710021","0.0369718","0.11482625","-0.23778311206206815"
"51.353554","0.15475798","0.052373227","-0.23788962219152077"
"3.8999214","0.08811369","0.0952417","-0.2378934412384992"
"0.6980993","0.7805585","0.33834398","-0.23789376734969458"
"0.012723544","0.10195072","21.040663","-0.23790696548317158"
"1.6875384","0.023075145","0.18279877","-0.23790880611404153"
"48.887363","0.029270515","0.050172895","-0.23793944507023035"
"7.974806","0.12598573","0.061897714","-0.23795568716543647"
"0.17206989","0.011317541","1.5430416","-0.2379687181304504"
"0.023671445","0.17910083","11.5545","-0.23798572561663156"
"31.863567","0.016482","0.04768558","-0.23804435221923037"
"3.450881","0.010395477","0.09645498","-0.2380948356852184"
"0.8145769","0.046953786","0.32462016","-0.23812830140063546"
"0.028316308","0.025504556","8.50092","-0.23819781617557223"
"0.038698874","0.016460538","6.1932592","-0.23821121125082612"
"0.0658627","0.4492878","4.5125494","-0.23822777566896125"
"28.373245","0.15111312","0.04397676","-0.23825402617952318"
"13.124481","0.185586","0.046341486","-0.23828733228202648"
"0.1010223","0.018784434","2.3107073","-0.2382913027560638"
"6.044349","0.028533084","0.062044878","-0.23830173982080272"
"46.14367","0.011084285","0.04235398","-0.23836862065771558"
"75.1114","0.03308478","0.061277606","-0.23846706960463115"
"3.9147837","0.048968986","0.07338181","-0.23854304164328322"
"28.870584","0.14135513","0.037682652","-0.2386088589013471"
"26.263437","0.08201162","0.036865175","-0.23865746442475122"
"4.1105766","0.019210601","0.06385405","-0.23877316279907723"
"0.12477754","0.6216485","2.2003524","-0.2387957112334369"
"11.957418","0.051570047","0.035369877","-0.23891217743722049"
"0.3081681","0.9888521","0.23535159","-0.23914446489258512"
"0.03593391","0.11320433","6.2964964","-0.23916649618625008"
"0.018970745","0.3211536","14.660884","-0.23921397452929694"
"0.23780343","0.04515817","0.85888714","-0.2392498389322284"
"2.5279617","0.035331097","0.09151876","-0.2392559071962128"
"91.80151","0.72050357","0.09033721","-0.23926490036734904"
"8.66004","0.33195415","0.052839495","-0.23927009022904433"
"0.61369723","0.36120084","0.46711138","-0.2393051989936763"
"9.468814","0.0104235","0.03392161","-0.23939735179842825"
"1.7640041","0.051736508","0.12654464","-0.23941521214386685"
"0.017222214","0.036312725","11.254551","-0.2394634416696979"
"0.018764911","0.04910294","10.508561","-0.23948802019681814"
"16.449587","0.11101185","0.032370947","-0.23949477182876056"
"0.050930668","0.5772325","5.2723603","-0.23951397351064108"
"0.24601631","0.11271875","0.8892071","-0.23960907403752918"
"11.793091","0.014123836","0.03003641","-0.23964540759124375"
"7.967007","0.17525837","0.046004895","-0.2397470064609435"
"25.96927","0.8318043","0.02580251","-0.2397551873351247"
"8.440147","0.9402203","0.015508011","-0.23976814946108949"
"1.9568074","0.6652009","0.12507571","-0.23977908541403425"
"0.34447715","0.17058545","0.6767685","-0.23983090682422525"
"1.4489805","0.031992782","0.13926654","-0.23983924421692704"
"0.053115387","0.97927237","0.91007894","-0.2398780108744365"
"0.044393007","0.030751936","4.159099","-0.2399715469371595"
"0.48505026","0.7446427","0.3481938","-0.23998238302259578"
"0.24925785","0.11153538","0.8342236","-0.2400622112754065"
"21.753206","0.5026657","0.038609546","-0.24015553696925074"
"0.020759132","0.055385295","8.8641815","-0.24015632212141114"
"0.060585544","0.5790345","3.9966269","-0.24017603372979623"
"0.268194","0.16922697","0.8282539","-0.24024013105316921"
"0.030384494","0.05222134","5.925554","-0.24031626020125785"
"12.077023","0.017123729","0.028321655","-0.24034849614724774"
"0.53440815","0.97204566","0.06600019","-0.24035515291334053"
"0.41224113","0.021654883","0.44298998","-0.24042201805550079"
"0.52700293","0.01769647","0.346584","-0.24050986224109594"
"1.4431978","0.21835564","0.1715348","-0.24053782152389092"
"0.47329098","0.96678174","0.06469565","-0.24054115808251852"
"0.0375281","0.44325012","6.693863","-0.24058063402873908"
"59.204975","0.8827521","0.020088112","-0.24062724140995262"
"0.101928584","0.028498834","1.7315656","-0.24064763623050323"
"0.021972788","0.068211965","8.04101","-0.2406540126984349"
"0.81609654","0.24023136","0.2972995","-0.24065904294326312"
"65.448135","0.666892","0.056653205","-0.240671158058557"
"16.204823","0.022850983","0.025200617","-0.24068957861494944"
"0.11752529","0.03295321","1.4969703","-0.24070339234503435"
"3.1294029","0.20048785","0.08318721","-0.24077262384228804"
"1.1533265","0.965935","0.014332322","-0.24093737406170201"
"13.847029","0.13850142","0.02992465","-0.24096346167647886"
"0.01824558","0.026698893","9.313633","-0.24109217210644074"
"1.2857547","0.18435024","0.16697717","-0.24124035306035974"
"0.58387244","0.025034271","0.29719043","-0.2412412368492305"
"0.8988804","0.023716673","0.1963483","-0.2412527632950201"
"0.41823724","0.09051765","0.41048777","-0.24135703294001498"
"19.109364","0.11429411","0.025317874","-0.24138070221670094"
"0.4854831","0.9459403","0.011118212","-0.24147056210158224"
"0.017600521","0.9414124","0.40439805","-0.24147988101570195"
"0.14861324","0.06733668","1.0978898","-0.2417127315131602"
"0.010653687","0.9349614","0.034729578","-0.24174638548754324"
"99.29346","0.8259058","0.024972107","-0.2418326340729391"
"0.081562504","0.09119812","1.969336","-0.24186093253058116"
"0.04398391","0.92439383","0.012686631","-0.2418821614812099"
"0.1134235","0.9095416","0.059662346","-0.24191525266931158"
"1.2879448","0.079591274","0.13291025","-0.241920816993064"
"0.3197448","0.59834665","0.51765966","-0.24198823201001862"
"2.862255","0.70775324","0.044806525","-0.242034637744589"
"1.9856412","0.019827431","0.08848485","-0.24208220900683752"
"0.08612764","0.80369467","0.61953604","-0.24209341744842106"
"0.12719613","0.88130945","0.080150984","-0.24220105789378144"
"12.33132","0.013327438","0.024357114","-0.2422036250300661"
"0.04418989","0.8879757","0.15018785","-0.2422053894554519"
"0.58852315","0.011484749","0.27209026","-0.24225252853340473"
"1.9745893","0.65933007","0.06920469","-0.24231184340453837"
"2.9782994","0.031531863","0.060421452","-0.2424586752366007"
"0.52115154","0.67164516","0.21002123","-0.24248167171851986"
"0.34044972","0.55095965","0.49830616","-0.24253012013923292"
"15.989404","0.6195664","0.023535376","-0.24262063602004758"
"0.1963306","0.16525793","0.8269099","-0.2426752830117751"
"1.3836757","0.0133193685","0.116416164","-0.24271450345244627"
"5.6365566","0.3965586","0.052084338","-0.2427865075400859"
"2.545102","0.51529366","0.08224144","-0.242806688535814"
"0.36988297","0.096791886","0.40771335","-0.2428126971616893"
"11.158626","0.07813505","0.024010345","-0.2428565572430108"
"0.014106308","0.84793013","0.087722726","-0.24288382227421357"
"0.23541647","0.8284312","0.042620584","-0.24291363485083628"
"0.28856334","0.81665057","0.05257736","-0.24293771176424284"
"17.119753","0.010310156","0.020539474","-0.24308234571277398"
"0.030498084","0.8308858","0.010711985","-0.24313582561008507"
"0.017789636","0.81977123","0.12441768","-0.2432338795594602"
"2.7172287","0.49029484","0.076211184","-0.24324974308395397"
"0.19360256","0.019181529","0.73725474","-0.2433184982000176"
"2.492608","0.6734704","0.034236424","-0.24336454175813294"
"2.67924","0.05679576","0.06074255","-0.24341366842624423"
"0.040339578","0.8057066","0.040638898","-0.24343727470764653"
"0.015562835","0.016684651","8.9800205","-0.24343806292242243"
"3.0160162","0.13927749","0.05443341","-0.24352120256717225"
"0.1938905","0.5504043","0.6426354","-0.24365445621400417"
"0.046609867","0.33684242","3.833567","-0.2437361818665862"
"0.105208345","0.70093876","0.3519314","-0.24390408207513192"
"9.667205","0.05653901","0.023330487","-0.243908958308108"
"0.86429715","0.12185378","0.16205075","-0.24392880020989005"
"0.3397765","0.73692334","0.051725138","-0.24394379947252176"
"3.3629866","0.41855705","0.06362331","-0.24395757746331226"
"7.88411","0.25038618","0.031446822","-0.2439619570503635"
"0.14355306","0.7601059","0.015216066","-0.24403313497289636"
"8.783223","0.013608882","0.024231497","-0.24403759782857826"
"0.030243175","0.058127537","4.344374","-0.24409836667453932"
"0.08941455","0.17458321","1.4542462","-0.24423819263612545"
"52.569984","0.02600291","0.025182359","-0.2442964449594347"
"65.150185","0.6559074","0.01378536","-0.2443331061940175"
"0.044611897","0.52829874","2.4166095","-0.2443570486806601"
"1.7501581","0.15724081","0.08034789","-0.2443955596673686"
"0.01076511","0.16469494","11.82367","-0.24440686502675946"
"0.21874295","0.03441606","0.58689815","-0.24443968242789027"
"0.3256913","0.54938966","0.278551","-0.24457113272245423"
"16.365973","0.07484446","0.017964652","-0.24458107462030654"
"0.12625305","0.71507835","0.021483434","-0.24462213556832668"
"0.02148766","0.58274543","3.1829486","-0.2446563876220833"
"0.41132635","0.1193917","0.30755547","-0.24469049785554042"
"39.99434","0.43949252","0.029031284","-0.24470911833603326"
"1.467583","0.62452805","0.032360982","-0.24477558551827827"
"4.7375984","0.23627105","0.03731087","-0.24482182505614825"
"0.012586697","0.3301316","9.864274","-0.24489289250032908"
"0.18827133","0.29249611","0.65148324","-0.24495968802093793"
"1.2781163","0.3495905","0.10257034","-0.24499646763879523"
"1.1543454","0.45843336","0.10882578","-0.24507603049839166"
"0.015058852","0.6817178","0.12133655","-0.2450924549751179"
"0.27933472","0.091735765","0.43062723","-0.24509511558373465"
"23.653362","0.024682201","0.016467538","-0.2451023291740977"
"0.013515989","0.2953177","8.365017","-0.24513170790801309"
"0.06498957","0.4841821","1.5494483","-0.24514424828532522"
"67.917145","0.6139797","0.010995249","-0.2451625354052427"
"0.0103422925","0.65922594","0.9956938","-0.24516839792903844"
"0.7360805","0.08930718","0.16516271","-0.24523600936778034"
"0.033274706","0.40330073","3.2097704","-0.2452697993751023"
"0.35624412","0.6540927","0.022450773","-0.2453040587860984"
"0.016395098","0.60920924","1.6335009","-0.24540211509740883"
"0.18680301","0.6427604","0.028118845","-0.24552577093213945"
"13.781654","0.45199332","0.017121643","-0.24553834267695995"
"3.1242015","0.30959165","0.036802404","-0.24559406946038753"
"2.4301047","0.52955735","0.029309291","-0.2456067624362237"
"27.176678","0.46580407","0.016945885","-0.2456124541111393"
"0.016241092","0.638373","0.23795111","-0.2456198623241872"
"36.8592","0.3099952","0.01889567","-0.2456251685066655"
"3.8804505","0.5174741","0.021782063","-0.24566201613027672"
"54.371376","0.12969118","0.022380143","-0.2456696011222057"
"0.033078488","0.099390864","3.3600554","-0.24567672482638203"
"0.010361221","0.5910031","2.4541218","-0.24568274860551087"
"54.536114","0.31351465","0.022765603","-0.24571625167930655"
"0.021982072","0.014135423","5.029031","-0.2457177963217969"
"0.018175347","0.41669253","4.4657497","-0.2458201549845782"
"0.09478495","0.6199925","0.045023367","-0.2458567379311123"
"0.056712635","0.6200446","0.0653725","-0.24587057899944154"
"2.7887986","0.026835697","0.045344837","-0.24589958226027298"
"0.017295657","0.62257683","0.07623736","-0.2458998933938985"
"27.68504","0.09438387","0.01519123","-0.24597689705032377"
"0.013899465","0.16539708","7.6702905","-0.24602093557096505"
"2.1121762","0.571213","0.012119858","-0.2460428424201142"
"0.020022046","0.33544466","3.5243282","-0.24604968177095232"
"5.361697","0.30602723","0.019235471","-0.24605462511981768"
"0.01676472","0.61027086","0.04860043","-0.24607866551513968"
"0.31148097","0.5232642","0.14115894","-0.24612950294632197"
"0.41744226","0.19850871","0.24561393","-0.24613561805447626"
"1.8139066","0.54588187","0.01896236","-0.2461668865000073"
"11.583381","0.40307462","0.012183003","-0.24618578783500422"
"0.35386083","0.5124748","0.124868326","-0.24627303881957996"
"0.30998105","0.31599396","0.22402965","-0.246301189418892"
"1.8524288","0.39751056","0.035544034","-0.24633217964712495"
"0.01933691","0.40157026","2.8804665","-0.24637159654812524"
"8.207868","0.010101171","0.019332929","-0.24642491134381816"
"0.0378292","0.33151686","1.6323627","-0.2464522535619138"
"0.011134125","0.4297767","4.089198","-0.24659171447577077"
"15.694453","0.011506399","0.014396551","-0.24659454119802393"
"0.054386254","0.5174873","0.46130955","-0.24668418417293148"
"0.45767033","0.48975468","0.087169","-0.24669844406218067"
"8.45714","0.053053893","0.018257666","-0.24673767706236172"
"1.7354645","0.29745853","0.041384786","-0.24674393739331935"
"0.12668733","0.5550631","0.028267449","-0.2467483279045295"
"0.02626855","0.07003864","3.6783154","-0.24680611663162821"
"1.2992722","0.0286675","0.07970591","-0.24682835997578922"
"0.036555763","0.32859343","1.5191736","-0.24683424287898315"
"0.13004181","0.5445808","0.029985752","-0.24688107171110918"
"36.86436","0.027680796","0.014843087","-0.24688682597991218"
"0.07923404","0.03879567","1.2059654","-0.2469121800112628"
"0.052823946","0.013231673","1.7802346","-0.24701896999569417"
"1.6087849","0.018174594","0.062481694","-0.24717514879883562"
"0.060643926","0.3015255","0.9213658","-0.2471861179217687"
"0.010348905","0.024382336","8.799013","-0.247233906670421"
"0.010932271","0.012163595","8.18215","-0.24735997821901723"
"3.8226054","0.03907148","0.028889883","-0.24737809715991332"
"0.2696669","0.08087666","0.3345784","-0.24740285819736063"
"0.12336741","0.2306418","0.5476943","-0.247516547623712"
"0.17467369","0.49085292","0.01648555","-0.2475501204479047"
"0.011975475","0.49846527","0.09038539","-0.24756084310842463"
"0.16350211","0.3356538","0.24994865","-0.2475651477275982"
"1.8602554","0.05037572","0.05127531","-0.24763701666864857"
"0.010791791","0.4641512","0.70033276","-0.24764991276589354"
"0.066723056","0.38525504","0.39573395","-0.2476779613816773"
"0.16070926","0.037687708","0.5346923","-0.24769232774190875"
"0.011046886","0.16004714","7.3199024","-0.24771445462703245"
"0.66760516","0.40396968","0.03186716","-0.24774989176056583"
"5.14375","0.20666926","0.018102303","-0.2477517762338377"
"0.18496938","0.04547026","0.4541279","-0.24785093848788842"
"9.382133","0.1614509","0.014238339","-0.24786129134228752"
"0.02141844","0.4710456","0.015429042","-0.247956678942731"
"0.08310979","0.45157698","0.056261174","-0.24798009584310754"
"0.9818602","0.400087","0.017327607","-0.2480457594159291"
"0.012792897","0.23909831","4.259049","-0.24809937248208724"
"72.4888","0.17202246","0.020644106","-0.2481499120502979"
"53.40254","0.018224563","0.015603612","-0.24820170172628275"
"0.12872","0.42463717","0.05646349","-0.2482021498494551"
"0.24544525","0.06479582","0.32343113","-0.24822938697640162"
"0.0463778","0.17823312","1.4466949","-0.24823598595961327"
"3.5179353","0.023205183","0.026886413","-0.2482784677864498"
"0.42501143","0.19738698","0.14675033","-0.24831494762119966"
"0.026967304","0.10916461","2.8618314","-0.24832500289439086"
"0.03235548","0.07925479","2.3778546","-0.24834556802187868"
"14.185438","0.025983067","0.011447037","-0.24835318279593555"
"5.6894298","0.026504751","0.018267063","-0.2484204751991843"
"0.013342265","0.0317922","5.679512","-0.2484297050679649"
"0.19778945","0.35467702","0.09939474","-0.24847170422661957"
"19.611649","0.1441178","0.010402824","-0.2485046174091161"
"0.026810884","0.42618653","0.013910129","-0.24855980329087513"
"3.1120377","0.2649713","0.015021003","-0.2486143670622758"
"0.10698222","0.018877603","0.68922","-0.24862026252289215"
"16.254696","0.015499897","0.0105305165","-0.24863119952618806"
"0.15196344","0.40485248","0.018862711","-0.248711422737792"
"0.015801147","0.028741516","4.509715","-0.24878391702051728"
"0.03427086","0.4075729","0.011562602","-0.24881001655176527"
"0.029937172","0.32065493","0.6855552","-0.24887323416932494"
"0.5190107","0.3681371","0.016154487","-0.24891520614474616"
"0.49090523","0.11789545","0.14179313","-0.24901964989829306"
"0.3115485","0.28735664","0.084543794","-0.24902763555753005"
"0.14300649","0.13782503","0.43461093","-0.24907746357371852"
"0.32352933","0.01008464","0.21211419","-0.249083457456595"
"0.47092292","0.02760491","0.14681914","-0.24908822318010815"
"4.2511625","0.16816425","0.016208446","-0.24911367792796035"
"0.37791878","0.3058616","0.053289298","-0.24911816630239425"
"0.7190152","0.10776704","0.09667785","-0.24913402447807487"
"4.8295617","0.035177067","0.01803404","-0.24914617880456613"
"7.0876474","0.01463243","0.013815501","-0.24916477931097925"
"0.59817773","0.16935532","0.09059107","-0.24916694740820655"
"0.2503807","0.3190226","0.061044212","-0.24919617995465626"
"0.010502482","0.3743589","0.11575389","-0.2492136490881376"
"0.080088794","0.043260712","0.8168663","-0.2492593033645727"
"0.03141037","0.04856893","2.0724845","-0.24927042335226068"
"0.4863896","0.16071323","0.10917527","-0.24932308009480342"
"0.36813566","0.3306027","0.025698807","-0.2493606634406882"
"0.38681754","0.31671426","0.032240793","-0.24938645513922464"
"0.12613477","0.08866633","0.50303775","-0.2494259763447546"
"92.61244","0.11518277","0.023892695","-0.2494715648799919"
"0.032373596","0.03201617","1.9074731","-0.24953231631692296"
"0.01728631","0.3139879","0.55447996","-0.24956769265591205"
"0.21151443","0.28543648","0.07925317","-0.24956828625594007"
"1.1381155","0.031543184","0.057263725","-0.24957519218124102"
"0.03525737","0.3325976","0.11268207","-0.2496264618742836"
"0.19437416","0.27757946","0.08797831","-0.24965532744563568"
"0.019740414","0.084734194","3.032217","-0.24967702485443977"
"89.307014","0.09804904","0.021387808","-0.24973721976642294"
"0.058555588","0.21085478","0.5437334","-0.24973947421794573"
"0.098997466","0.32551482","0.031030165","-0.249772840201546"
"0.014348691","0.20132054","2.3110576","-0.24979103460051055"
"0.03903232","0.08963455","1.4851784","-0.2498297404069667"
"0.3524428","0.256278","0.050535087","-0.2499146455358705"
"0.037476446","0.18571971","0.9065668","-0.24996048160244233"
"0.109317414","0.020402117","0.50668305","-0.2500488638204903"
"0.038289312","0.046705","1.4346951","-0.2500669859625366"
"0.02335793","0.29972172","0.13108936","-0.2501219977818423"
"0.029505884","0.2915933","0.15088698","-0.2501553419064346"
"0.21816136","0.16728105","0.1583938","-0.25019984880659796"
"4.5553436","0.072391436","0.015005692","-0.2502069679127361"
"1.9213011","0.12940118","0.024644678","-0.2502682781785892"
"0.32356638","0.10928838","0.14785919","-0.25027919298364165"
"0.01437029","0.29592073","0.045715928","-0.25030656003942986"
"0.4491924","0.09767451","0.11052722","-0.2503597361779657"
"86.36786","0.17903365","0.010017311","-0.2504192624166559"
"6.7082753","0.021895533","0.010750822","-0.25045652082370307"
"0.7650773","0.034610905","0.06728565","-0.2505004135493121"
"1.7932669","0.01277054","0.030073704","-0.25054437364452364"
"0.068280175","0.19688727","0.29882678","-0.25056079093055605"
"0.096126646","0.07074689","0.50593835","-0.2505721927125515"
"0.20762928","0.08291385","0.2342013","-0.2505768490759279"
"0.011807262","0.27210125","0.027465371","-0.2506479732823441"
"0.05462259","0.26822376","0.023012701","-0.2506490604741649"
"3.7684023","0.11196843","0.013016105","-0.25067108525150816"
"0.19012071","0.08972451","0.23730293","-0.25067345060073487"
"0.16858299","0.09320025","0.2609109","-0.25068486842022186"
"0.010181276","0.08798352","4.3893876","-0.2506934538322345"
"0.033193864","0.2638998","0.04480627","-0.25069489393025113"
"0.14080927","0.049782764","0.3315957","-0.2507329430291474"
"0.013643801","0.26214692","0.042155027","-0.25076907319229425"
"0.7103981","0.031372197","0.06713572","-0.25077345511147264"
"0.123641126","0.25474903","0.015385139","-0.2507966406198787"
"0.014333943","0.25310856","0.12649181","-0.2508231848631495"
"0.10258117","0.21656996","0.09942719","-0.2508577671191341"
"0.018391011","0.21188825","0.60799974","-0.2508640612022648"
"0.28021744","0.12902541","0.11155021","-0.2509066328055747"
"0.028767725","0.23837249","0.13295637","-0.25091191725790973"
"1.8971233","0.11615105","0.019788781","-0.25092954228915465"
"1.8317277","0.010530473","0.026452763","-0.250939681288191"
"0.011566912","0.24832104","0.027673729","-0.2509707926614291"
"0.010990729","0.09575243","3.4046156","-0.2509902161033861"
"0.7464199","0.012610292","0.059783418","-0.25101145185926743"
"0.011750615","0.03085427","3.6111486","-0.25103973334150154"
"0.02043112","0.15193252","1.105184","-0.2510480849815089"
"0.08335848","0.010581427","0.5033961","-0.25109011361702804"
"0.25585124","0.012046308","0.16403683","-0.25112170027715686"
"0.130193","0.20430979","0.0534697","-0.2512033138016947"
"0.6484385","0.12057462","0.042019192","-0.2512729513963714"
"0.09987713","0.019749882","0.39475623","-0.25129092220123717"
"2.6347618","0.10249113","0.013397859","-0.2513009558815469"
"0.053339127","0.11204739","0.52202785","-0.25130246600304207"
"0.050381","0.08380057","0.684195","-0.2513207975417424"
"0.15983434","0.20088965","0.03433244","-0.2513313440847864"
"0.02393065","0.016281765","1.6078876","-0.2513519167424314"
"0.26098603","0.14267948","0.07528185","-0.2513520953830255"
"1.1084312","0.12887055","0.021535162","-0.2513748319766278"
"0.32515928","0.1772004","0.031339064","-0.2514007594877645"
"0.071651414","0.20308448","0.05084487","-0.25140171682708834"
"0.14446992","0.19998191","0.02866313","-0.25141741042497845"
"0.011972038","0.025560308","3.1177433","-0.251440169877734"
"0.22113135","0.017754853","0.17026465","-0.25144974142031096"
"0.06971304","0.20899528","0.01638954","-0.2514594430648689"
"0.012961464","0.18719055","0.4982729","-0.25146103954688326"
"76.429924","0.016465766","0.010712717","-0.25148660888138585"
"2.3253121","0.10046735","0.01299605","-0.25154233971126017"
"0.032398697","0.19577685","0.08651059","-0.25154702557646647"
"1.1355716","0.14999585","0.013176894","-0.25155025628255645"
"0.029187616","0.011629692","1.2047141","-0.2516124553075314"
"0.059086986","0.18109131","0.08345828","-0.2516293026499663"
"0.0633245","0.10604364","0.36933622","-0.2516311539499225"
"0.015218474","0.19164003","0.067311704","-0.25170163045095895"
"0.16691677","0.08875043","0.1554131","-0.2517347206674516"
"0.056439456","0.17108715","0.073312275","-0.25180912668983435"
"0.06955534","0.016118482","0.45688787","-0.2518832906633688"
"0.021727908","0.17554063","0.05105131","-0.25191581886514247"
"0.012616506","0.17843847","0.0122755","-0.25193164056878925"
"0.29165527","0.039019905","0.106534325","-0.25196922150162315"
"0.010212664","0.17293148","0.055877026","-0.25198109014348313"
"0.10405262","0.07119651","0.24568018","-0.251989204719842"
"0.11843673","0.101699054","0.1513676","-0.25199516632042673"
"0.05449736","0.13856888","0.15170065","-0.2520232219606606"
"0.13893835","0.12744166","0.07667972","-0.2520457915711827"
"0.2712502","0.15676755","0.012607728","-0.25204601928365333"
"0.020465368","0.019951915","1.4395136","-0.2520581114717009"
"0.040832624","0.1636322","0.035228215","-0.25205960734766286"
"0.057528425","0.12063762","0.19821423","-0.25209409363264257"
"0.012442227","0.15990601","0.13760379","-0.2520949999780804"
"0.037453152","0.012713835","0.76454073","-0.25212499526667"
"0.0126934","0.026791174","2.2116454","-0.25216585717384143"
"1.1093019","0.09971725","0.0143232","-0.2521854047413601"
"0.05500751","0.10919293","0.2219344","-0.25220534140442763"
"0.5718612","0.03318093","0.04894685","-0.2522412395228508"
"0.018455055","0.0224167","1.4385726","-0.2522861027341974"
"0.06718052","0.041277993","0.39179757","-0.2523097296904122"
"0.022185918","0.14256544","0.06534866","-0.2523455517040929"
"0.043276023","0.1380732","0.05025569","-0.252366670245437"
"0.018546691","0.07494344","0.88453925","-0.2524379539882997"
"0.054255053","0.046601463","0.4124966","-0.25249609691360786"
"0.018183935","0.13566808","0.01785247","-0.2525017131529612"
"0.08389046","0.084191956","0.15469626","-0.25250464365211145"
"0.133087","0.08857891","0.089008115","-0.252509305931663"
"0.14524075","0.07462074","0.104895085","-0.25251369051456307"
"0.023314517","0.062486086","0.714617","-0.252593866191807"
"0.58585083","0.07767101","0.02251761","-0.2526035964605331"
"0.016005065","0.05266734","1.1203728","-0.2526569451461771"
"0.030629987","0.039938577","0.67669785","-0.2526766809853922"
"1.07833","0.058971766","0.015649665","-0.25268789550349746"
"1.4598944","0.013215013","0.015881019","-0.2526927759768498"
"0.011827992","0.011973141","1.7788398","-0.25271760090416007"
"1.1486752","0.010033661","0.018994002","-0.25276368351321943"
"0.040162116","0.06774008","0.30341545","-0.25277077279759097"
"0.29654887","0.019199219","0.06966202","-0.2527737366697771"
"0.08131557","0.07620843","0.12080892","-0.252787406525389"
"0.1391749","0.028945694","0.1435593","-0.25281217022443947"
"0.031241775","0.10163821","0.09427424","-0.2528200903515627"
"0.06533665","0.095001265","0.063622735","-0.25284390161654424"
"0.03908723","0.06589071","0.2722471","-0.2528814337271781"
"1.4220872","0.03113299","0.014418949","-0.2528833533400372"
"0.25914907","0.034027822","0.07015171","-0.25291226802815525"
"0.05303536","0.013096111","0.34003818","-0.2529568495211165"
"0.05835386","0.09452057","0.03294352","-0.25297384627172104"
"0.2458694","0.019528463","0.07253088","-0.2529879059182636"
"0.16311271","0.030474162","0.10772659","-0.25298833821694333"
"0.018406892","0.03482575","0.82943815","-0.2530480609243273"
"0.015837623","0.083628036","0.17176184","-0.2530778357047083"
"0.01392199","0.06488952","0.4925442","-0.2531039458099873"
"0.11638142","0.06778242","0.052302375","-0.2531093025918194"
"0.013503504","0.09000147","0.029554013","-0.2531196511249745"
"0.026962886","0.081150755","0.07584823","-0.25314912040557647"
"0.06371157","0.06814205","0.07466975","-0.2531768082848269"
"0.1095412","0.056262676","0.06958966","-0.2531816117531418"
"0.021895781","0.07737794","0.10097027","-0.25319131857686616"
"0.011745574","0.017656874","1.2582952","-0.2532090281923727"
"0.026729522","0.023299007","0.5505023","-0.25321509465073255"
"0.2465892","0.028963376","0.05300756","-0.25325976936829786"
"0.17811207","0.031981677","0.06867501","-0.2532616766112541"
"0.054607082","0.044883754","0.16108136","-0.2532705057950748"
"0.13793555","0.026736956","0.09517097","-0.25328232528375016"
"0.10237097","0.06844536","0.02701397","-0.25328311762729805"
"0.055768315","0.059840847","0.08314309","-0.25329655153829167"
"0.013200814","0.015658414","1.0244036","-0.253307770530274"
"0.019216785","0.07432217","0.026316177","-0.2533274762741893"
"0.04707029","0.04250203","0.1741374","-0.25333599368489046"
"0.013528201","0.07411991","0.012654981","-0.253351411293838"
"0.022141082","0.034586348","0.43900892","-0.25335885329606667"
"0.045617774","0.028711563","0.2216334","-0.2534182219244956"
"0.35197932","0.02874782","0.029205728","-0.253418897641255"
"0.19642356","0.052443396","0.02152547","-0.2534220742211295"
"0.023063567","0.044177","0.19749439","-0.2535142701701254"
"0.05243105","0.022553332","0.17235473","-0.25356188993726425"
"0.04774613","0.051054988","0.028761012","-0.25359688283143345"
"0.8864113","0.019406075","0.010663427","-0.25360775496134713"
"0.08565346","0.020458085","0.1013858","-0.2536109913321287"
"0.48281586","0.026558744","0.014950388","-0.25361816613544375"
"0.042421155","0.029255413","0.14621872","-0.25362697665135725"
"0.11655224","0.020395072","0.07111342","-0.25363456780437854"
"0.020489426","0.03063993","0.26783258","-0.25364725227431806"
"0.14550382","0.046642315","0.010689764","-0.25364751632576277"
"0.27198973","0.021596191","0.02809196","-0.2536578279453672"
"0.035583705","0.029503841","0.15684667","-0.2536578713220734"
"0.023286628","0.0284624","0.24910541","-0.2536596740406072"
"0.050542414","0.043183707","0.042572822","-0.253661212325458"
"0.022888104","0.0423526","0.098005205","-0.25366725202828877"
"0.0106473975","0.027474878","0.5158249","-0.253690016427047"
"0.03779395","0.017957479","0.1991864","-0.25370774626048287"
"0.013084364","0.045223195","0.060149025","-0.2537087823796431"
"0.11718503","0.023152048","0.052232277","-0.2537163773115858"
"0.0956864","0.03643196","0.02824065","-0.25372329049922904"
"0.010933827","0.043644685","0.07682857","-0.2537273816708019"
"0.03561738","0.03531295","0.06753208","-0.2537544616597416"
"0.036079712","0.025911113","0.12634361","-0.2537635706092296"
"0.034040805","0.03473826","0.06894937","-0.2537655407720423"
"0.11188818","0.03315209","0.024385825","-0.25376675232275736"
"0.0133549","0.035553146","0.15471321","-0.25376979574086844"
"0.40579727","0.024201185","0.012053399","-0.25377450125652223"
"0.16217183","0.01697213","0.040480837","-0.25377727445355336"
"0.01614673","0.04120618","0.0155589","-0.2537933492909241"
"0.061238606","0.016127545","0.104037985","-0.2537973040346324"
"0.020280631","0.035511076","0.074971564","-0.25380068521715615"
"0.013688376","0.030685505","0.18903625","-0.25380732189339117"
"0.27821574","0.028747488","0.010743516","-0.25381415948226693"
"0.012021924","0.037986737","0.013518266","-0.2538446949646431"
"0.14543886","0.027430281","0.018359255","-0.25384837522110626"
"0.034562845","0.031876117","0.04369445","-0.25385094699589117"
"0.12626056","0.027100468","0.021292245","-0.25385169353059633"
"0.07564198","0.030840224","0.020773318","-0.25386191057923746"
"0.03778388","0.010864945","0.14259955","-0.25392308418626786"
"0.047599062","0.0132137565","0.10038958","-0.2539249363044094"
"0.09428221","0.020484101","0.03149568","-0.25392624660370977"
"0.031134479","0.024937032","0.058369197","-0.2539286400816554"
"0.010423794","0.027995113","0.07514195","-0.2539441349778544"
"0.012854029","0.027608965","0.060442362","-0.253949748720105"
"0.020128453","0.025753941","0.022746202","-0.2539928200540684"
"0.010597992","0.024936069","0.049563553","-0.2540002172600473"
"0.014154118","0.024227813","0.012935751","-0.2540288773609245"
"0.025772098","0.021187421","0.035933543","-0.2540292106770028"
"0.018231262","0.022811553","0.012667658","-0.25404559237393376"
"0.010168141","0.019221356","0.08457683","-0.25405968202593865"
"0.034189906","0.01178392","0.071047336","-0.2540743795293363"
"0.15693507","0.012907646","0.011035876","-0.25409841596626936"
"0.10587745","0.013678545","0.013930683","-0.2541017060727335"
"0.025168011","0.013275142","0.03826908","-0.25413519824765984"
"0.050432608","0.013081772","0.016891135","-0.25414407851060994"
"0.01267919","0.0128566045","0.06263152","-0.2541502629732011"
"0.054226473","0.011460934","0.017518703","-0.25416081318023087"
"0.028729672","0.0132454615","0.013451896","-0.2541675923657971"
"0.018488416","0.011938468","0.030402597","-0.2541756728500453"
"0.014256637","0.013092413","0.017765794","-0.25417704362982074"
"0.04413607","0.011917303","0.010854143","-0.25418060672632237"
